beta,gamma,delta,epsilon,zeta,nu0,nu1,nu2,nu3,nu4,chi,alpha
-128.053,67.793,82.862,-155.568,-68.623,1.657,-23.360,35.103,-35.153,21.094,-167.790,nan
-178.393,53.832,83.378,-145.149,-76.788,1.602,-23.203,34.778,-34.782,20.910,-163.824,-67.449
169.695,59.477,80.733,-148.283,-80.026,2.697,-25.146,36.840,-36.112,21.205,-161.889,-74.460
162.194,60.724,82.164,-157.372,-68.659,-1.602,-22.347,36.300,-38.169,25.042,-168.671,-64.437
-176.473,53.356,84.944,-137.465,-81.718,10.087,-32.588,41.514,-36.576,16.742,-162.858,-74.745
157.567,55.307,81.262,-150.997,-77.008,0.330,-24.026,37.286,-38.126,23.858,-160.025,-48.819
-178.720,62.506,137.257,-105.934,-51.960,-24.390,35.434,-32.415,18.912,3.251,-133.079,-59.498
-145.649,55.418,78.644,-142.800,-118.577,5.756,-28.684,39.684,-37.244,19.746,-161.529,-83.821
-141.745,52.257,147.772,-152.197,-74.124,-31.651,41.776,-35.631,18.068,8.444,-70.505,-69.711
167.906,48.160,87.215,-150.469,-69.893,1.198,-21.206,32.092,-32.468,19.801,-160.913,-137.098
172.869,51.821,80.665,-158.532,-65.168,-4.568,-19.276,34.459,-37.904,26.702,-158.254,-67.796
-169.890,178.570,82.512,-153.132,-97.390,-3.387,-19.416,33.754,-36.433,25.110,-168.327,166.574
-158.278,-114.591,92.038,-125.519,-57.251,12.581,-30.814,36.786,-30.218,11.032,-170.736,83.352
162.460,51.892,79.826,163.707,-31.195,1.924,-24.605,36.808,-36.771,22.238,-164.510,-55.064
-159.437,59.039,150.601,-95.226,-179.094,-27.863,39.482,-35.036,20.160,4.814,-99.543,-1.161
-178.863,53.824,153.803,-91.620,-83.735,-17.575,30.963,-31.947,23.070,-3.813,-80.330,-71.420
-150.736,47.756,89.936,-122.273,-54.104,6.570,-27.794,36.588,-34.198,17.488,177.784,-81.332
148.565,-176.602,78.228,-168.936,-75.552,3.807,-25.001,35.068,-34.374,19.378,-160.212,-75.551
153.494,179.253,81.999,-144.965,-80.445,16.379,-34.107,38.125,-29.540,8.271,-175.514,158.774
174.758,52.482,82.300,-155.347,-66.440,4.190,-26.625,37.423,-36.468,20.141,-158.028,-53.308
178.230,46.822,83.604,-144.254,-72.825,3.914,-28.372,40.335,-39.338,22.414,-160.675,-68.767
168.872,53.883,83.255,176.247,26.933,0.624,-24.543,37.827,-38.029,23.615,-160.263,-65.087
166.853,43.623,83.427,-148.536,-73.433,0.151,-23.483,36.491,-37.200,23.579,-168.186,-115.170
178.326,49.309,80.115,-152.098,-66.985,6.624,-28.983,39.090,-36.284,18.834,-160.618,-72.439
173.956,55.560,81.361,-155.521,-78.260,3.385,-26.593,38.367,-37.381,21.365,-165.873,-66.553
165.929,56.930,83.563,-144.716,-62.268,2.645,-24.180,35.695,-34.934,20.390,-171.748,-53.966
177.767,52.310,83.748,-179.809,6.887,2.627,-23.996,35.008,-34.560,20.227,-156.701,-69.947
-177.012,47.001,82.123,173.239,-76.964,3.451,-25.441,36.453,-35.322,20.145,-148.167,-120.084
163.713,40.211,80.882,-143.671,-59.500,-1.977,-19.858,32.697,-34.910,23.371,-154.386,-130.071
165.690,51.257,72.220,157.662,-2.559,-20.623,-7.305,30.603,-43.207,40.469,-158.398,-52.433
-179.981,46.930,82.459,-168.841,38.584,10.899,-30.297,37.646,-32.484,13.563,-169.360,-116.757
-179.367,52.444,78.871,-137.301,-84.708,3.787,-27.678,39.899,-38.647,21.995,-169.033,-134.066
158.673,55.597,79.758,-160.327,-70.305,-1.698,-22.430,36.774,-38.634,25.420,-169.008,-47.869
-178.303,55.596,81.592,-154.872,-76.393,4.278,-27.607,39.116,-37.605,21.129,-160.250,-67.015
162.125,60.042,85.307,-142.834,-57.171,0.987,-22.980,35.244,-35.369,21.629,-159.428,-59.692
-176.932,50.985,87.554,166.929,83.383,2.094,-24.263,35.662,-35.375,21.203,-149.296,-71.930
-164.007,44.365,146.142,-93.663,-78.042,-20.928,34.819,-35.124,24.328,-2.235,-111.995,2.128
-174.257,161.496,145.555,-88.817,-128.432,-25.577,38.354,-35.635,22.088,2.058,-140.133,-73.483
177.223,42.076,80.392,-150.600,-67.789,9.378,-32.211,41.025,-36.420,17.596,-165.258,-122.453
176.814,52.813,79.428,-150.411,-71.324,4.881,-27.929,38.912,-36.848,20.340,-156.605,-63.906
173.640,48.543,80.289,-156.462,-69.422,3.151,-28.489,41.429,-40.140,23.606,-164.047,-64.689
171.464,56.154,83.914,-169.383,50.031,-0.970,-23.122,37.032,-38.311,24.921,-169.237,-56.867
171.805,53.306,83.404,-132.708,-70.648,3.842,-25.288,35.703,-34.480,19.204,-161.459,86.076
167.070,57.463,81.656,147.024,65.294,4.028,-26.689,37.925,-36.517,20.629,-159.312,-65.658
-158.840,63.678,84.575,-148.820,-53.725,-4.391,-18.293,31.764,-35.724,25.354,-165.597,80.344
179.454,66.018,148.304,-97.069,-66.356,-28.760,40.522,-36.425,21.164,4.697,-117.760,-72.162
179.827,38.237,82.964,-152.342,-74.496,2.634,-25.491,36.844,-36.561,21.494,-166.670,-84.288
179.638,46.853,80.531,-145.618,-74.140,5.909,-27.755,38.126,-35.411,18.786,-158.653,-60.070
167.261,50.948,80.715,-152.333,-70.723,5.394,-27.308,37.482,-35.476,19.054,-152.593,-62.017
179.977,44.052,75.810,-147.481,-76.520,4.126,-28.553,40.180,-38.759,22.182,-161.798,-66.852
164.226,49.876,79.755,-152.032,-73.335,1.522,-26.597,39.465,-39.935,24.267,-172.777,-43.958
178.545,52.046,81.724,-150.972,-73.549,-2.886,-21.641,36.462,-38.777,26.486,-164.910,-57.891
164.096,54.240,83.200,-152.186,-78.339,2.445,-24.868,36.522,-36.077,21.408,-162.827,-61.953
175.336,47.283,82.185,-152.942,-65.390,5.324,-28.401,39.529,-37.525,20.299,-160.127,-59.846
168.082,55.094,79.119,-155.366,-85.643,2.879,-26.296,38.332,-37.891,22.262,-161.444,-63.754
164.642,53.122,78.973,-158.517,-64.505,2.404,-25.909,38.695,-37.911,22.383,-151.989,-61.653
173.623,60.312,80.276,-149.552,-68.410,3.724,-27.407,39.194,-38.256,21.753,-162.823,-78.355
176.236,62.079,82.989,-152.335,-67.878,-0.620,-21.922,34.861,-36.212,23.144,-161.614,-73.182
177.662,50.401,81.559,-148.155,-66.150,2.423,-25.440,37.313,-36.937,21.804,-167.440,-63.297
-174.928,50.690,85.875,-145.004,-58.836,4.422,-25.357,35.616,-34.014,18.629,-153.074,-66.885
175.666,42.302,85.557,-131.936,163.904,2.278,-22.499,33.097,-32.996,19.239,-151.665,-52.334
130.178,164.639,160.907,nan,nan,-13.597,30.501,-34.756,27.736,-9.146,138.467,-70.955
